date,org_name,metric,category_1,category_2,category_3,category_4
2017-08-01,England (Average of all regions),Mean,9.233333333,23.91666667,50.68333333,81.41666667
2017-08-01,England (Average of all regions),90th percentile,15.2,53.15,118.0833333,152.8166667
2017-08-01,North East and Yorkshire,Mean,,,,
2017-08-01,North East and Yorkshire,90th percentile,,,,
2017-08-01,North West,Mean,10.11666667,24.33333333,42.7,84.2
2017-08-01,North West,90th percentile,15.98333333,55.9,97.48333333,154.35
2017-08-01,Midlands,Mean,8,23.41666667,61.11666667,55.2
2017-08-01,Midlands,90th percentile,14.08333333,49.76666667,144.9333333,138.3833333
2017-08-01,East of England,Mean,,,,
2017-08-01,East of England,90th percentile,,,,
2017-08-01,London,Mean,,,,
2017-08-01,London,90th percentile,,,,
2017-08-01,South East,Mean,,,,
2017-08-01,South East,90th percentile,,,,
2017-08-01,South West,Mean,,,,
2017-08-01,South West,90th percentile,,,,
2017-09-01,England (Average of all regions),Mean,8.116666667,21.98333333,48.53333333,77.91666667
2017-09-01,England (Average of all regions),90th percentile,14.25,46.8,113.2333333,164.9166667
2017-09-01,North East and Yorkshire,Mean,7.233333333,21.31666667,47.3,82.25
2017-09-01,North East and Yorkshire,90th percentile,13.46666667,44.81666667,109.3333333,195.0666667
2017-09-01,North West,Mean,9.833333333,25.08333333,51.1,88.98333333
2017-09-01,North West,90th percentile,16.35,56.21666667,118.35,161.9
2017-09-01,Midlands,Mean,7.55,19.83333333,47.56666667,58.96666667
2017-09-01,Midlands,90th percentile,13.28333333,40.25,111.7666667,151.55
2017-09-01,East of England,Mean,,,,
2017-09-01,East of England,90th percentile,,,,
2017-09-01,London,Mean,,,,
2017-09-01,London,90th percentile,,,,
2017-09-01,South East,Mean,,,,
2017-09-01,South East,90th percentile,,,,
2017-09-01,South West,Mean,,,,
2017-09-01,South West,90th percentile,,,,
2017-10-01,England (Average of all regions),Mean,7.916666667,21.93333333,44.83333333,68.51666667
2017-10-01,England (Average of all regions),90th percentile,13.71666667,46.7,104.6166667,151.1833333
2017-10-01,North East and Yorkshire,Mean,7.183333333,19.63333333,40.33333333,67.31666667
2017-10-01,North East and Yorkshire,90th percentile,13.28333333,41.35,91.7,173.0833333
2017-10-01,North West,Mean,9.483333333,25.98333333,51.9,81.28333333
2017-10-01,North West,90th percentile,15.6,57.81666667,122.1333333,150.1833333
2017-10-01,Midlands,Mean,7.383333333,19.9,43.1,51.81666667
2017-10-01,Midlands,90th percentile,12.76666667,40.73333333,100.8333333,140.85
2017-10-01,East of England,Mean,,,,
2017-10-01,East of England,90th percentile,,,,
2017-10-01,London,Mean,,,,
2017-10-01,London,90th percentile,,,,
2017-10-01,South East,Mean,,,,
2017-10-01,South East,90th percentile,,,,
2017-10-01,South West,Mean,,,,
2017-10-01,South West,90th percentile,,,,
2017-11-01,England (Average of all regions),Mean,7.95,22.75,54.18333333,80.48333333
2017-11-01,England (Average of all regions),90th percentile,13.8,47.73333333,126.9666667,182.3166667
2017-11-01,North East and Yorkshire,Mean,7.25,20.23333333,65.75,74.95
2017-11-01,North East and Yorkshire,90th percentile,12.81666667,41.9,152.0333333,186.9166667
2017-11-01,North West,Mean,9.733333333,30.56666667,52.28333333,84.28333333
2017-11-01,North West,90th percentile,16.23333333,70.31666667,121.9833333,156
2017-11-01,Midlands,Mean,7.633333333,22.28333333,44.2,50.46666667
2017-11-01,Midlands,90th percentile,13.43333333,45.71666667,102.3,129.6333333
2017-11-01,East of England,Mean,8.683333333,24.45,72.78333333,96.1
2017-11-01,East of England,90th percentile,15.78333333,49.15,180,232.9333333
2017-11-01,London,Mean,7.066666667,18.45,56.86666667,72.1
2017-11-01,London,90th percentile,11.46666667,36.53333333,135,148.9
2017-11-01,South East,Mean,7.283333333,14.66666667,48.06666667,80.55
2017-11-01,South East,90th percentile,13.01666667,28.48333333,110.1166667,174.1
2017-11-01,South West,Mean,10.45,29.05,61.95,100.7833333
2017-11-01,South West,90th percentile,18.28333333,61.86666667,143.4666667,235.3166667
2017-12-01,England (Average of all regions),Mean,8.866666667,29.6,79.01666667,106.7
2017-12-01,England (Average of all regions),90th percentile,15.4,62.98333333,186.8,248.8166667
2017-12-01,North East and Yorkshire,Mean,7.9,27.65,96.56666667,105.2333333
2017-12-01,North East and Yorkshire,90th percentile,13.78333333,58.75,224.3,260.4166667
2017-12-01,North West,Mean,11.28333333,44.81666667,75.58333333,105.8333333
2017-12-01,North West,90th percentile,18.58333333,103.9166667,174.8,213.5833333
2017-12-01,Midlands,Mean,8.4,25.91666667,53.73333333,66.36666667
2017-12-01,Midlands,90th percentile,14.78333333,54.2,126.4666667,174.2833333
2017-12-01,East of England,Mean,9.183333333,32.06666667,106.9833333,127.4833333
2017-12-01,East of England,90th percentile,16.68333333,65.1,280.5666667,314.0333333
2017-12-01,London,Mean,7.4,24.18333333,74.7,82.26666667
2017-12-01,London,90th percentile,12.06666667,51.18333333,178.9333333,171.8166667
2017-12-01,South East,Mean,8.15,18.86666667,89.75,122.3333333
2017-12-01,South East,90th percentile,14.9,36.66666667,205.5833333,291.0333333
2017-12-01,South West,Mean,10.33333333,37.26666667,90.58333333,125.6333333
2017-12-01,South West,90th percentile,18.63333333,77.45,217.15,295.5166667
2018-01-01,England (Average of all regions),Mean,8.316666667,26.06666667,63.03333333,87.45
2018-01-01,England (Average of all regions),90th percentile,14.48333333,55.55,148.2833333,196.0166667
2018-01-01,North East and Yorkshire,Mean,7.8,25.75,73.6,83.26666667
2018-01-01,North East and Yorkshire,90th percentile,13.36666667,55.96666667,173.0333333,212.6333333
2018-01-01,North West,Mean,9.85,39.98333333,81.18333333,102.4
2018-01-01,North West,90th percentile,16.73333333,91.55,194.2666667,196.5166667
2018-01-01,Midlands,Mean,8.15,23.86666667,46.83333333,59.21666667
2018-01-01,Midlands,90th percentile,14.4,50.15,111.0833333,150.05
2018-01-01,East of England,Mean,8.583333333,29.18333333,82.51666667,98.83333333
2018-01-01,East of England,90th percentile,15.41666667,60.81666667,202.9,232.1666667
2018-01-01,London,Mean,7.15,20.38333333,61.3,68.11666667
2018-01-01,London,90th percentile,11.71666667,42.08333333,144.7166667,139.0833333
2018-01-01,South East,Mean,7.5,16.33333333,61.53333333,89.68333333
2018-01-01,South East,90th percentile,13.46666667,31.4,140.2,212.5833333
2018-01-01,South West,Mean,9.166666667,29.83333333,64.31666667,95.73333333
2018-01-01,South West,90th percentile,16.83333333,62.63333333,148.7333333,215.85
2018-02-01,England (Average of all regions),Mean,8.283333333,25.58333333,68.63333333,93.61666667
2018-02-01,England (Average of all regions),90th percentile,14.28333333,53.96666667,161.5833333,209.8333333
2018-02-01,North East and Yorkshire,Mean,7.766666667,23.48333333,65.95,81.31666667
2018-02-01,North East and Yorkshire,90th percentile,13.26666667,50.51666667,154.6833333,201.5666667
2018-02-01,North West,Mean,8.85,31.88333333,75.96666667,97.88333333
2018-02-01,North West,90th percentile,14.88333333,71.81666667,181.8833333,191.05
2018-02-01,Midlands,Mean,8.383333333,26.45,55.86666667,62.83333333
2018-02-01,Midlands,90th percentile,14.55,55.45,131.5166667,164.5166667
2018-02-01,East of England,Mean,8.7,26.88333333,77.15,99.9
2018-02-01,East of England,90th percentile,15.63333333,56.03333333,187.6,241.0833333
2018-02-01,London,Mean,7.466666667,23.35,74.78333333,77.13333333
2018-02-01,London,90th percentile,11.78333333,49.33333333,178.35,154.2666667
2018-02-01,South East,Mean,7.783333333,17.11666667,75.1,111.1
2018-02-01,South East,90th percentile,14.01666667,32.66666667,172.5666667,255.0666667
2018-02-01,South West,Mean,9.3,31.66666667,67.5,131.75
2018-02-01,South West,90th percentile,17,65.35,157.75,281.3
2018-03-01,England (Average of all regions),Mean,8.583333333,27.73333333,75.23333333,97.55
2018-03-01,England (Average of all regions),90th percentile,14.93333333,59.28333333,179.6,217.3666667
2018-03-01,North East and Yorkshire,Mean,7.85,24.66666667,71.75,78.86666667
2018-03-01,North East and Yorkshire,90th percentile,13.46666667,52.76666667,167.8666667,189.85
2018-03-01,North West,Mean,9.833333333,36.73333333,86.46666667,102.3833333
2018-03-01,North West,90th percentile,16.66666667,85.13333333,207,196.5166667
2018-03-01,Midlands,Mean,8.6,28.76666667,57.63333333,60.48333333
2018-03-01,Midlands,90th percentile,15.3,61.46666667,138.8833333,155.9166667
2018-03-01,East of England,Mean,8.783333333,27.43333333,83.88333333,101.6
2018-03-01,East of England,90th percentile,15.66666667,56.38333333,209.25,242.6333333
2018-03-01,London,Mean,7.4,23.35,71.26666667,75.53333333
2018-03-01,London,90th percentile,11.96666667,49.35,171.4166667,156.6
2018-03-01,South East,Mean,7.9,19.83333333,87.8,125.2833333
2018-03-01,South East,90th percentile,14.46666667,39.21666667,206.2,290.5666667
2018-03-01,South West,Mean,9.733333333,35.11666667,82.35,156.2666667
2018-03-01,South West,90th percentile,17.7,73.5,195.2166667,332.4166667
2018-04-01,England (Average of all regions),Mean,7.616666667,20.15,49.18333333,75.75
2018-04-01,England (Average of all regions),90th percentile,13.4,41.4,114.8333333,169.4666667
2018-04-01,North East and Yorkshire,Mean,7.516666667,19.96666667,53.01666667,61.03333333
2018-04-01,North East and Yorkshire,90th percentile,12.85,41.8,123.7333333,146.65
2018-04-01,North West,Mean,7.85,23.65,59.25,88.46666667
2018-04-01,North West,90th percentile,13.4,51.96666667,141.6333333,176.25
2018-04-01,Midlands,Mean,7.8,21.05,36.41666667,40.71666667
2018-04-01,Midlands,90th percentile,14.03333333,42.8,82.7,95.5
2018-04-01,East of England,Mean,8.033333333,22.75,57.88333333,71.48333333
2018-04-01,East of England,90th percentile,14.6,47.41666667,137.1666667,167.4666667
2018-04-01,London,Mean,6.816666667,16.73333333,43.53333333,75.5
2018-04-01,London,90th percentile,11.25,32.78333333,100.35,176.45
2018-04-01,South East,Mean,7.066666667,15.28333333,55.91666667,81.65
2018-04-01,South East,90th percentile,12.93333333,29.2,131.3166667,195.1
2018-04-01,South West,Mean,8.516666667,23.38333333,50.63333333,121.6833333
2018-04-01,South West,90th percentile,15.83333333,48.25,118.6,254.2333333
2018-05-01,England (Average of all regions),Mean,7.733333333,21.18333333,57.55,88.16666667
2018-05-01,England (Average of all regions),90th percentile,13.51666667,43.71666667,135.1833333,198.9666667
2018-05-01,North East and Yorkshire,Mean,7.683333333,20.75,56.38333333,74.15
2018-05-01,North East and Yorkshire,90th percentile,13.03333333,43.66666667,132.5666667,182.3166667
2018-05-01,North West,Mean,8.166666667,24.76666667,66.68333333,94.43333333
2018-05-01,North West,90th percentile,13.85,54.75,158.85,186.8
2018-05-01,Midlands,Mean,7.55,20.71666667,41.66666667,51.18333333
2018-05-01,Midlands,90th percentile,13.35,41.55,95.33333333,127.5666667
2018-05-01,East of England,Mean,8.5,25,72.83333333,84.6
2018-05-01,East of England,90th percentile,15.45,51.16666667,177.8166667,200.3666667
2018-05-01,London,Mean,6.866666667,18.45,50.13333333,88.46666667
2018-05-01,London,90th percentile,11.35,37.4,120.9833333,217.0666667
2018-05-01,South East,Mean,7.366666667,16.41666667,65,96.81666667
2018-05-01,South East,90th percentile,13.36666667,31.9,151.6333333,221.7333333
2018-05-01,South West,Mean,8.4,24.71666667,70.15,164.95
2018-05-01,South West,90th percentile,15.78333333,51.56666667,161.7666667,352.7333333
2018-06-01,England (Average of all regions),Mean,7.6,21.5,59.6,91.35
2018-06-01,England (Average of all regions),90th percentile,13.3,44.26666667,139.6833333,204.1833333
2018-06-01,North East and Yorkshire,Mean,7.233333333,20.08333333,58.21666667,67.13333333
2018-06-01,North East and Yorkshire,90th percentile,12.23333333,41.83333333,134.8166667,155.5166667
2018-06-01,North West,Mean,8.3,23.25,62.48333333,91.45
2018-06-01,North West,90th percentile,14.18333333,51.41666667,147.6,182.5333333
2018-06-01,Midlands,Mean,7.133333333,21.01666667,44.2,55.41666667
2018-06-01,Midlands,90th percentile,12.55,42.23333333,101.6666667,128.45
2018-06-01,East of England,Mean,8.633333333,26.26666667,84.21666667,102.3166667
2018-06-01,East of England,90th percentile,15.65,53.11666667,205.5666667,243.1166667
2018-06-01,London,Mean,7.166666667,19.78333333,54.8,88.6
2018-06-01,London,90th percentile,11.75,40.05,132.15,201.6
2018-06-01,South East,Mean,7.366666667,16.51666667,63.98333333,94.51666667
2018-06-01,South East,90th percentile,13.68333333,31.83333333,147.4666667,224.35
2018-06-01,South West,Mean,7.633333333,26.53333333,75.83333333,172.0333333
2018-06-01,South West,90th percentile,14.36666667,56.1,178.2833333,350.25
2018-07-01,England (Average of all regions),Mean,7.466666667,22.55,66.15,95.9
2018-07-01,England (Average of all regions),90th percentile,13.05,46.85,157.3166667,213.4833333
2018-07-01,North East and Yorkshire,Mean,7.05,19.91666667,59.2,76.18333333
2018-07-01,North East and Yorkshire,90th percentile,12.05,41.03333333,140.65,179.8833333
2018-07-01,North West,Mean,8.016666667,25.66666667,71.3,99.55
2018-07-01,North West,90th percentile,13.45,56.95,172.7333333,195.0333333
2018-07-01,Midlands,Mean,7.283333333,22.1,49.53333333,57.6
2018-07-01,Midlands,90th percentile,12.91666667,44.75,117.3333333,137.5666667
2018-07-01,East of England,Mean,8.533333333,25.91666667,88.95,104.7166667
2018-07-01,East of England,90th percentile,15.5,53.45,215.5666667,248.4
2018-07-01,London,Mean,6.733333333,20.78333333,58.5,104.35
2018-07-01,London,90th percentile,11.23333333,43.31666667,142.9,245.4
2018-07-01,South East,Mean,7.85,18.35,77.81666667,92.43333333
2018-07-01,South East,90th percentile,14.23333333,35.96666667,180.4,216.1
2018-07-01,South West,Mean,7.15,28.08333333,80.16666667,180.4166667
2018-07-01,South West,90th percentile,13.16666667,59.73333333,190.25,384.5333333
2018-08-01,England (Average of all regions),Mean,7.133333333,20.61666667,56.81666667,82.03333333
2018-08-01,England (Average of all regions),90th percentile,12.56666667,42.33333333,133.6666667,185.3833333
2018-08-01,North East and Yorkshire,Mean,6.783333333,19.28333333,55.11666667,68.75
2018-08-01,North East and Yorkshire,90th percentile,11.56666667,39.41666667,128.4,167.8166667
2018-08-01,North West,Mean,7.883333333,21.76666667,60.11666667,89.08333333
2018-08-01,North West,90th percentile,13.31666667,46.4,141.5166667,178.4166667
2018-08-01,Midlands,Mean,7.133333333,20.7,42.06666667,48.13333333
2018-08-01,Midlands,90th percentile,12.65,42.03333333,97.31666667,109.0166667
2018-08-01,East of England,Mean,8.083333333,24.91666667,76.86666667,87.15
2018-08-01,East of England,90th percentile,14.86666667,52.08333333,184.4166667,216.6833333
2018-08-01,London,Mean,6.05,16.81666667,44.36666667,70.58333333
2018-08-01,London,90th percentile,10.06666667,33.56666667,104.3666667,165.4333333
2018-08-01,South East,Mean,7.366666667,16.9,66.16666667,83.16666667
2018-08-01,South East,90th percentile,13.88333333,33,158.6666667,191.5166667
2018-08-01,South West,Mean,7.033333333,26.8,71.25,158.1
2018-08-01,South West,90th percentile,13,56.96666667,164.2,365.1166667
2018-09-01,England (Average of all regions),Mean,7.183333333,21.6,61.9,87.41666667
2018-09-01,England (Average of all regions),90th percentile,12.56666667,44.25,145.2166667,201.7666667
2018-09-01,North East and Yorkshire,Mean,6.966666667,20.3,60.6,71.18333333
2018-09-01,North East and Yorkshire,90th percentile,11.88333333,41.9,144.8666667,176.3333333
2018-09-01,North West,Mean,7.916666667,22.76666667,68.28333333,92.76666667
2018-09-01,North West,90th percentile,13.28333333,48.53333333,160.3,193.2
2018-09-01,Midlands,Mean,7.116666667,21.3,45.48333333,50.43333333
2018-09-01,Midlands,90th percentile,12.55,42.96666667,105.3166667,127.95
2018-09-01,East of England,Mean,7.966666667,25.7,86.46666667,98.61666667
2018-09-01,East of England,90th percentile,14.35,52.8,210.6666667,247.6333333
2018-09-01,London,Mean,6.266666667,19.11666667,52.33333333,82.73333333
2018-09-01,London,90th percentile,10.46666667,38.93333333,127.7166667,188.2833333
2018-09-01,South East,Mean,7.533333333,17.95,70.06666667,90.78333333
2018-09-01,South East,90th percentile,13.86666667,34.55,160.9666667,205.4333333
2018-09-01,South West,Mean,6.833333333,27,72.13333333,152.2666667
2018-09-01,South West,90th percentile,12.68333333,56.93333333,165.15,349.65
2018-10-01,England (Average of all regions),Mean,7.183333333,21.25,60.38333333,83.8
2018-10-01,England (Average of all regions),90th percentile,12.5,43.41666667,141.7,192.75
2018-10-01,North East and Yorkshire,Mean,6.866666667,20.2,59.23333333,71.53333333
2018-10-01,North East and Yorkshire,90th percentile,11.8,42.1,141.5166667,172.95
2018-10-01,North West,Mean,8.016666667,24.63333333,78.45,94.05
2018-10-01,North West,90th percentile,13.33333333,52.71666667,186.55,199.8
2018-10-01,Midlands,Mean,7.25,20.03333333,43.26666667,52.6
2018-10-01,Midlands,90th percentile,12.7,39.88333333,99.45,125.2833333
2018-10-01,East of England,Mean,8.066666667,25.01666667,79.1,91.45
2018-10-01,East of England,90th percentile,14.56666667,51.1,188.7833333,227.2
2018-10-01,London,Mean,6.116666667,17.48333333,47.35,69.51666667
2018-10-01,London,90th percentile,10.16666667,35.13333333,112.2166667,156.7
2018-10-01,South East,Mean,7.3,17.8,66.78333333,89.33333333
2018-10-01,South East,90th percentile,13.56666667,34.41666667,156.1833333,208.6
2018-10-01,South West,Mean,7.033333333,27.03333333,71.31666667,139.9333333
2018-10-01,South West,90th percentile,12.68333333,56.51666667,163.9833333,309.2666667
2018-11-01,England (Average of all regions),Mean,7.183333333,21.93333333,63.4,85.66666667
2018-11-01,England (Average of all regions),90th percentile,12.51666667,44.88333333,148.7833333,197.1
2018-11-01,North East and Yorkshire,Mean,6.766666667,21.55,64.78333333,73.01666667
2018-11-01,North East and Yorkshire,90th percentile,11.76666667,44.63333333,152.3333333,175.75
2018-11-01,North West,Mean,7.7,23.23333333,68.26666667,88.01666667
2018-11-01,North West,90th percentile,12.85,49.75,163.2333333,189.0333333
2018-11-01,Midlands,Mean,7.383333333,20.98333333,48.86666667,58.6
2018-11-01,Midlands,90th percentile,12.93333333,42.01666667,111.4833333,145.4166667
2018-11-01,East of England,Mean,8.116666667,25.83333333,85.91666667,102
2018-11-01,East of England,90th percentile,14.55,52.38333333,207.3333333,251.7833333
2018-11-01,London,Mean,6.283333333,18.78333333,52.6,76.38333333
2018-11-01,London,90th percentile,10.48333333,38.23333333,126.0833333,171.8333333
2018-11-01,South East,Mean,7.35,18.35,70.03333333,92.55
2018-11-01,South East,90th percentile,13.6,35.6,163.7,210.5
2018-11-01,South West,Mean,6.966666667,28.18333333,74.28333333,120.95
2018-11-01,South West,90th percentile,12.73333333,59.25,171.9666667,257.6666667
2018-12-01,England (Average of all regions),Mean,7.1,22.38333333,66.45,84.21666667
2018-12-01,England (Average of all regions),90th percentile,12.41666667,46.36666667,157.0666667,189.5166667
2018-12-01,North East and Yorkshire,Mean,6.883333333,22.9,73.5,73
2018-12-01,North East and Yorkshire,90th percentile,11.95,47.8,174.85,177.4833333
2018-12-01,North West,Mean,7.683333333,24.83333333,71.01666667,98
2018-12-01,North West,90th percentile,12.91666667,53.7,170.55,204.7666667
2018-12-01,Midlands,Mean,7.3,21.28333333,49.65,53.2
2018-12-01,Midlands,90th percentile,12.86666667,43.28333333,115.7833333,126.55
2018-12-01,East of England,Mean,7.45,22.6,66.5,75.6
2018-12-01,East of England,90th percentile,13.65,46.26666667,158.6666667,186.2833333
2018-12-01,London,Mean,6.3,20.68333333,60.56666667,75.61666667
2018-12-01,London,90th percentile,10.48333333,43.41666667,148.1833333,172.2
2018-12-01,South East,Mean,7.516666667,19.15,82.1,101.55
2018-12-01,South East,90th percentile,13.71666667,37.43333333,191.35,227.15
2018-12-01,South West,Mean,6.816666667,27.4,70.1,100.85
2018-12-01,South West,90th percentile,12.3,58.13333333,163.1166667,220.35
2019-01-01,England (Average of all regions),Mean,7.133333333,22.96666667,67.71666667,85.73333333
2019-01-01,England (Average of all regions),90th percentile,12.33333333,47.65,160.15,196.05
2019-01-01,North East and Yorkshire,Mean,6.75,22.25,67.91666667,74.45
2019-01-01,North East and Yorkshire,90th percentile,11.71666667,46.43333333,167.5,182.5666667
2019-01-01,North West,Mean,7.85,26.4,77.6,101.8166667
2019-01-01,North West,90th percentile,13.1,56.96666667,184.1166667,219.4333333
2019-01-01,Midlands,Mean,7.233333333,20.8,47.83333333,51.7
2019-01-01,Midlands,90th percentile,12.63333333,42.3,111.4333333,127.6833333
2019-01-01,East of England,Mean,7.633333333,24.96666667,77.31666667,76.98333333
2019-01-01,East of England,90th percentile,13.85,51.53333333,187.5166667,194.75
2019-01-01,London,Mean,6.35,21.6,65.4,72.58333333
2019-01-01,London,90th percentile,10.5,46.15,161.8166667,171.4166667
2019-01-01,South East,Mean,7.516666667,19.11666667,78.63333333,100.4166667
2019-01-01,South East,90th percentile,13.45,36.93333333,181.55,215.3333333
2019-01-01,South West,Mean,6.733333333,29.33333333,78.3,103.9
2019-01-01,South West,90th percentile,12.01666667,61.75,178.3833333,232.35
2019-02-01,England (Average of all regions),Mean,7.283333333,23.61666667,72.33333333,89.86666667
2019-02-01,England (Average of all regions),90th percentile,12.68333333,48.95,171.2833333,200.8166667
2019-02-01,North East and Yorkshire,Mean,6.766666667,22.1,67.36666667,66.98333333
2019-02-01,North East and Yorkshire,90th percentile,11.6,46.16666667,164.0666667,158.9833333
2019-02-01,North West,Mean,8.016666667,27,78.25,103.4833333
2019-02-01,North West,90th percentile,13.48333333,57.98333333,183.8833333,211.3833333
2019-02-01,Midlands,Mean,7.216666667,20.63333333,48.25,57.75
2019-02-01,Midlands,90th percentile,12.73333333,41.76666667,113.8166667,135.0666667
2019-02-01,East of England,Mean,7.833333333,26.03333333,86.95,81.25
2019-02-01,East of England,90th percentile,14.25,53.78333333,211.35,205.45
2019-02-01,London,Mean,6.616666667,22.35,69.66666667,85.65
2019-02-01,London,90th percentile,10.98333333,46.98333333,173.1166667,204.7166667
2019-02-01,South East,Mean,7.783333333,21.45,98.3,123
2019-02-01,South East,90th percentile,14.2,42.23333333,227.05,272.3
2019-02-01,South West,Mean,7.016666667,30.05,77.15,102.55
2019-02-01,South West,90th percentile,12.8,63.55,178.0833333,220.9666667
2019-03-01,England (Average of all regions),Mean,7,21.25,61.4,80.48333333
2019-03-01,England (Average of all regions),90th percentile,12.18333333,43.2,145.1833333,183.65
2019-03-01,North East and Yorkshire,Mean,6.533333333,19.75,54.93333333,60.4
2019-03-01,North East and Yorkshire,90th percentile,11.26666667,39.93333333,132.2166667,152.9666667
2019-03-01,North West,Mean,7.466666667,22.45,61.36666667,87.23333333
2019-03-01,North West,90th percentile,12.61666667,47.66666667,146.5,181.4
2019-03-01,Midlands,Mean,7.15,18.6,42.2,57.21666667
2019-03-01,Midlands,90th percentile,12.7,36.7,98.38333333,129.9166667
2019-03-01,East of England,Mean,7.583333333,25.21666667,80.63333333,80.41666667
2019-03-01,East of England,90th percentile,13.66666667,51.63333333,201.3166667,208.3
2019-03-01,London,Mean,6.3,18.25,50.15,73.93333333
2019-03-01,London,90th percentile,10.4,37.21666667,117.9333333,173.7
2019-03-01,South East,Mean,7.416666667,19.36666667,84.11666667,107.1666667
2019-03-01,South East,90th percentile,13.55,37.68333333,196.0166667,247.4166667
2019-03-01,South West,Mean,6.783333333,29.71666667,75.13333333,101.45
2019-03-01,South West,90th percentile,12.25,62.31666667,175.8833333,221.9
2019-04-01,England (Average of all regions),Mean,6.983333333,21.48333333,62.4,80.6
2019-04-01,England (Average of all regions),90th percentile,12.25,43.98333333,149.65,186.4
2019-04-01,North East and Yorkshire,Mean,6.75,21.93333333,62.43333333,61.91666667
2019-04-01,North East and Yorkshire,90th percentile,11.63333333,45.45,158.05,151.75
2019-04-01,North West,Mean,7.466666667,23.35,65.85,83.55
2019-04-01,North West,90th percentile,12.61666667,49.71666667,157.1666667,175.6833333
2019-04-01,Midlands,Mean,7.016666667,18.41666667,41.61666667,54.15
2019-04-01,Midlands,90th percentile,12.36666667,36.86666667,97.91666667,125.0333333
2019-04-01,East of England,Mean,7.866666667,26.85,93.35,92.68333333
2019-04-01,East of England,90th percentile,14.13333333,55.38333333,244.2333333,250.8333333
2019-04-01,London,Mean,6.033333333,16.45,45.66666667,83.43333333
2019-04-01,London,90th percentile,10.16666667,32.95,108.3833333,195.1333333
2019-04-01,South East,Mean,7.25,18.76666667,78.61666667,98.63333333
2019-04-01,South East,90th percentile,13.41666667,36.43333333,183.1166667,229.4666667
2019-04-01,South West,Mean,7,29.85,79.51666667,95.38333333
2019-04-01,South West,90th percentile,13.08333333,62.9,186.1166667,210.1333333
2019-05-01,England (Average of all regions),Mean,6.9,21.03333333,60.7,76.08333333
2019-05-01,England (Average of all regions),90th percentile,12.06666667,42.96666667,143.9666667,173.8666667
2019-05-01,North East and Yorkshire,Mean,6.616666667,20.98333333,59.25,56.61666667
2019-05-01,North East and Yorkshire,90th percentile,11.48333333,43.33333333,144.2833333,131.9
2019-05-01,North West,Mean,7.116666667,20.83333333,58.1,81.13333333
2019-05-01,North West,90th percentile,11.98333333,43.61666667,136.0166667,168.45
2019-05-01,Midlands,Mean,7.083333333,18.23333333,39.73333333,53.36666667
2019-05-01,Midlands,90th percentile,12.41666667,36.36666667,91.58333333,121.1
2019-05-01,East of England,Mean,7.7,26.43333333,90.21666667,89.01666667
2019-05-01,East of England,90th percentile,14.01666667,54.93333333,226.25,237.5
2019-05-01,London,Mean,6.133333333,17.6,53.75,84.75
2019-05-01,London,90th percentile,10.16666667,35.71666667,122.8666667,192.8833333
2019-05-01,South East,Mean,7.233333333,19.3,78.08333333,94.31666667
2019-05-01,South East,90th percentile,13.41666667,37.56666667,186.3833333,220.5333333
2019-05-01,South West,Mean,6.766666667,28.53333333,72.46666667,86.68333333
2019-05-01,South West,90th percentile,12.45,59.95,171.7333333,196.3333333
2019-06-01,England (Average of all regions),Mean,7.116666667,22.46666667,68.81666667,82.18333333
2019-06-01,England (Average of all regions),90th percentile,12.48333333,46.05,164.7166667,187.55
2019-06-01,North East and Yorkshire,Mean,6.6,21.83333333,64.71666667,54.98333333
2019-06-01,North East and Yorkshire,90th percentile,11.53333333,44.98333333,159.5166667,129.05
2019-06-01,North West,Mean,7.35,22.13333333,64.53333333,85.2
2019-06-01,North West,90th percentile,12.38333333,47.13333333,152.25,178.7166667
2019-06-01,Midlands,Mean,7.216666667,19.86666667,52.5,67.26666667
2019-06-01,Midlands,90th percentile,12.88333333,39.36666667,123.5333333,151.75
2019-06-01,East of England,Mean,7.966666667,27.26666667,96.6,92.61666667
2019-06-01,East of England,90th percentile,14.41666667,56.33333333,248.35,247.15
2019-06-01,London,Mean,6.633333333,21.5,65.71666667,94.51666667
2019-06-01,London,90th percentile,10.98333333,44.65,158.2333333,213.8166667
2019-06-01,South East,Mean,7.4,19.56666667,82.5,94.18333333
2019-06-01,South East,90th percentile,13.63333333,38.3,192.75,214.85
2019-06-01,South West,Mean,6.983333333,29.46666667,77.71666667,100.5333333
2019-06-01,South West,90th percentile,12.9,61.78333333,185.8166667,226.4833333
2019-07-01,England (Average of all regions),Mean,7.233333333,23.31666667,71.75,85.88333333
2019-07-01,England (Average of all regions),90th percentile,12.71666667,48,171.5166667,200.3833333
2019-07-01,North East and Yorkshire,Mean,6.783333333,22.56666667,67.1,52.1
2019-07-01,North East and Yorkshire,90th percentile,11.83333333,46.68333333,161.5666667,115.2666667
2019-07-01,North West,Mean,7.4,23.51666667,71.75,91.95
2019-07-01,North West,90th percentile,12.55,50.06666667,169.0666667,198.9333333
2019-07-01,Midlands,Mean,7.316666667,21.96666667,58.9,75.85
2019-07-01,Midlands,90th percentile,12.91666667,43.98333333,146.1333333,182.2333333
2019-07-01,East of England,Mean,8.316666667,30.56666667,117.4833333,112.9833333
2019-07-01,East of England,90th percentile,15.28333333,63.85,294.9166667,307.5333333
2019-07-01,London,Mean,6.583333333,21.05,66.36666667,96.35
2019-07-01,London,90th percentile,10.93333333,43.73333333,159.9166667,219.0333333
2019-07-01,South East,Mean,7.383333333,18.5,74.51666667,87.4
2019-07-01,South East,90th percentile,13.8,36.08333333,168.75,200.45
2019-07-01,South West,Mean,7.166666667,29.4,79.98333333,99.25
2019-07-01,South West,90th percentile,13.11666667,61.71666667,188.9,237.5166667
2019-08-01,England (Average of all regions),Mean,7.083333333,21.31666667,62.78333333,74.73333333
2019-08-01,England (Average of all regions),90th percentile,12.48333333,43.53333333,148.3,171
2019-08-01,North East and Yorkshire,Mean,6.75,21.13333333,59.75,48.1
2019-08-01,North East and Yorkshire,90th percentile,11.7,43.75,143.3166667,107.95
2019-08-01,North West,Mean,7.266666667,22.26666667,68.96666667,84.98333333
2019-08-01,North West,90th percentile,12.28333333,47.3,162.0166667,185.0666667
2019-08-01,Midlands,Mean,7.083333333,20.48333333,51.33333333,66.53333333
2019-08-01,Midlands,90th percentile,12.58333333,41.16666667,121.0166667,151.9
2019-08-01,East of England,Mean,7.75,24.93333333,75.95,75.13333333
2019-08-01,East of England,90th percentile,14.36666667,51.15,185.7833333,180.7333333
2019-08-01,London,Mean,6.6,18.46666667,55.45,87.85
2019-08-01,London,90th percentile,11.03333333,37.65,132.6833333,200.3666667
2019-08-01,South East,Mean,7.233333333,17.43333333,68.53333333,82.33333333
2019-08-01,South East,90th percentile,13.38333333,33.46666667,157.3,195.2666667
2019-08-01,South West,Mean,7.233333333,27.86666667,74.43333333,85.43333333
2019-08-01,South West,90th percentile,13.23333333,57.96666667,177.55,208.2333333
2019-09-01,England (Average of all regions),Mean,7.25,22.38333333,68.98333333,79.56666667
2019-09-01,England (Average of all regions),90th percentile,12.73333333,45.68333333,163.9833333,183.5166667
2019-09-01,North East and Yorkshire,Mean,6.866666667,22.36666667,63.85,46.55
2019-09-01,North East and Yorkshire,90th percentile,11.85,45.88333333,153.9666667,105.5333333
2019-09-01,North West,Mean,7.4,24.1,79.75,95.85
2019-09-01,North West,90th percentile,12.45,51.53333333,187.7,209.45
2019-09-01,Midlands,Mean,7.3,20.2,57.43333333,75.31666667
2019-09-01,Midlands,90th percentile,12.91666667,39.9,136,175.6833333
2019-09-01,East of England,Mean,7.9,27.33333333,92.31666667,85.18333333
2019-09-01,East of England,90th percentile,14.48333333,56.45,232.7666667,218.3
2019-09-01,London,Mean,6.683333333,18.48333333,56.05,78.73333333
2019-09-01,London,90th percentile,11.21666667,37.16666667,135.8,181.7666667
2019-09-01,South East,Mean,7.55,18.91666667,73.05,91.61666667
2019-09-01,South East,90th percentile,13.7,37.26666667,168.7333333,208.8333333
2019-09-01,South West,Mean,7.183333333,30.05,82.25,90.55
2019-09-01,South West,90th percentile,13.33333333,62.85,194.2333333,214.8333333
2019-10-01,England (Average of all regions),Mean,7.383333333,23.78333333,74.8,88.95
2019-10-01,England (Average of all regions),90th percentile,12.98333333,48.48333333,178.3666667,207.65
2019-10-01,North East and Yorkshire,Mean,7.1,25.38333333,73.55,74
2019-10-01,North East and Yorkshire,90th percentile,12.16666667,52.31666667,179.75,174.8833333
2019-10-01,North West,Mean,7.516666667,26.28333333,82.4,91.1
2019-10-01,North West,90th percentile,12.71666667,55.91666667,197,200.5
2019-10-01,Midlands,Mean,7.416666667,22.31666667,66.25,86.9
2019-10-01,Midlands,90th percentile,13.18333333,44.26666667,155.5333333,201.8333333
2019-10-01,East of England,Mean,8.15,29.41666667,105.2833333,101.7
2019-10-01,East of England,90th percentile,15.01666667,60.1,266.65,255.5
2019-10-01,London,Mean,6.85,18.9,60.43333333,77.88333333
2019-10-01,London,90th percentile,11.5,37.95,143.3333333,176.5
2019-10-01,South East,Mean,7.55,19.85,82.66666667,107.6166667
2019-10-01,South East,90th percentile,14.01666667,39.03333333,194.4333333,250.7
2019-10-01,South West,Mean,7.033333333,28.31666667,73.55,79.51666667
2019-10-01,South West,90th percentile,12.8,59.11666667,172.8166667,191.8
2019-11-01,England (Average of all regions),Mean,7.45,25.86666667,82.75,96.66666667
2019-11-01,England (Average of all regions),90th percentile,13.15,53.3,197.4333333,227.3666667
2019-11-01,North East and Yorkshire,Mean,7.283333333,27.95,80.96666667,84.61666667
2019-11-01,North East and Yorkshire,90th percentile,12.48333333,57.78333333,197.3166667,193.4666667
2019-11-01,North West,Mean,7.45,30.71666667,102.5166667,92.81666667
2019-11-01,North West,90th percentile,12.63333333,67.21666667,244.1166667,209.6333333
2019-11-01,Midlands,Mean,7.616666667,24.23333333,72.38333333,91.28333333
2019-11-01,Midlands,90th percentile,13.53333333,48.86666667,169.6333333,212.1333333
2019-11-01,East of England,Mean,8.4,31.65,116.4166667,114.9333333
2019-11-01,East of England,90th percentile,15.45,64.11666667,296.45,293.7833333
2019-11-01,London,Mean,6.75,21.18333333,73.15,99.21666667
2019-11-01,London,90th percentile,11.21666667,43.55,177.3333333,228.55
2019-11-01,South East,Mean,7.516666667,20.1,84.38333333,95.13333333
2019-11-01,South East,90th percentile,14.15,39.56666667,193.9666667,219.3
2019-11-01,South West,Mean,7.166666667,29.31666667,78.61666667,92.75
2019-11-01,South West,90th percentile,13.25,61.48333333,190.7333333,223.9833333
2019-12-01,England (Average of all regions),Mean,7.55,27.95,89.96666667,98.6
2019-12-01,England (Average of all regions),90th percentile,13.26666667,58.45,217.25,227.4666667
2019-12-01,North East and Yorkshire,Mean,7.466666667,31.21666667,91.96666667,90.75
2019-12-01,North East and Yorkshire,90th percentile,12.83333333,64.65,227.7833333,194.8333333
2019-12-01,North West,Mean,7.483333333,31.6,113.35,92.13333333
2019-12-01,North West,90th percentile,12.61666667,70.66666667,265.6166667,209.3166667
2019-12-01,Midlands,Mean,7.666666667,27.01666667,76.33333333,91.83333333
2019-12-01,Midlands,90th percentile,13.53333333,54.83333333,183.3333333,218.25
2019-12-01,East of England,Mean,8.283333333,31.96666667,106.5666667,104.2333333
2019-12-01,East of England,90th percentile,15.31666667,66.76666667,282.3833333,283.15
2019-12-01,London,Mean,7.033333333,25.5,90.41666667,117.3333333
2019-12-01,London,90th percentile,11.73333333,54.35,224.8833333,250.75
2019-12-01,South East,Mean,7.75,21.01666667,89.38333333,98.13333333
2019-12-01,South East,90th percentile,14.31666667,41.86666667,203.9166667,236.1833333
2019-12-01,South West,Mean,7.133333333,30.11666667,91.66666667,111.0666667
2019-12-01,South West,90th percentile,12.95,63.1,228.5,260.9666667
2020-01-01,England (Average of all regions),Mean,7.1,20.91666667,56.68333333,74.86666667
2020-01-01,England (Average of all regions),90th percentile,12.45,42.53333333,132.1666667,172.5166667
2020-01-01,North East and Yorkshire,Mean,6.75,20.78333333,49.13333333,57.88333333
2020-01-01,North East and Yorkshire,90th percentile,11.56666667,42.4,116.5666667,136.2166667
2020-01-01,North West,Mean,7.116666667,23.85,85.25,81.46666667
2020-01-01,North West,90th percentile,12,50.88333333,195.7,183.7
2020-01-01,Midlands,Mean,7.266666667,19.23333333,41.83333333,61.06666667
2020-01-01,Midlands,90th percentile,12.91666667,37.85,96.28333333,137.3166667
2020-01-01,East of England,Mean,7.783333333,25.13333333,70.15,89.83333333
2020-01-01,East of England,90th percentile,14.23333333,51.75,169.4166667,223.2666667
2020-01-01,London,Mean,6.516666667,18.23333333,53.7,76.53333333
2020-01-01,London,90th percentile,10.78333333,37,128.95,178.55
2020-01-01,South East,Mean,7.383333333,17.08333333,61.78333333,70.76666667
2020-01-01,South East,90th percentile,13.53333333,33,141.0666667,165.8166667
2020-01-01,South West,Mean,6.85,25.93333333,62.35,87.36666667
2020-01-01,South West,90th percentile,12.41666667,53.7,146.3166667,210.4833333
2020-02-01,England (Average of all regions),Mean,7.3,22.11666667,67.25,98.66666667
2020-02-01,England (Average of all regions),90th percentile,12.86666667,45.1,157.0666667,229.45
2020-02-01,North East and Yorkshire,Mean,6.916666667,20.28333333,50.33333333,64.53333333
2020-02-01,North East and Yorkshire,90th percentile,11.95,41.03333333,120.4833333,139.55
2020-02-01,North West,Mean,7.25,24.41666667,95.86666667,86.23333333
2020-02-01,North West,90th percentile,12.3,51.85,216.1,197.1
2020-02-01,Midlands,Mean,7.4,19.1,50.81666667,63.65
2020-02-01,Midlands,90th percentile,13.23333333,37.46666667,117,153.4166667
2020-02-01,East of England,Mean,8.25,27.76666667,82.03333333,121.6166667
2020-02-01,East of England,90th percentile,15.15,57.23333333,203.5833333,296.6
2020-02-01,London,Mean,6.783333333,22.05,77.31666667,179
2020-02-01,London,90th percentile,11.25,45.93333333,185.4,421.7
2020-02-01,South East,Mean,7.6,18.85,75.38333333,90.08333333
2020-02-01,South East,90th percentile,14.03333333,36.71666667,172.4333333,209.4833333
2020-02-01,South West,Mean,6.95,26.78333333,68.36666667,96.76666667
2020-02-01,South West,90th percentile,12.6,55.75,161.8833333,225.7333333
2020-03-01,England (Average of all regions),Mean,8.116666667,32.1,90.15,115.8333333
2020-03-01,England (Average of all regions),90th percentile,14.36666667,69.01666667,219.7833333,276.4666667
2020-03-01,North East and Yorkshire,Mean,7.666666667,25.11666667,64.28333333,77.41666667
2020-03-01,North East and Yorkshire,90th percentile,12.9,51.36666667,156.4666667,189.1666667
2020-03-01,North West,Mean,7.833333333,37.61666667,150.7666667,113.5833333
2020-03-01,North West,90th percentile,13.23333333,85.5,358.3333333,270.15
2020-03-01,Midlands,Mean,7.583333333,20.78333333,61.95,67.8
2020-03-01,Midlands,90th percentile,13.6,41.06666667,146.0333333,168.25
2020-03-01,East of England,Mean,8.383333333,31.4,98.15,139.3
2020-03-01,East of England,90th percentile,15.05,66.55,249.7,315.7166667
2020-03-01,London,Mean,9.85,61.36666667,166.9166667,242.55
2020-03-01,London,90th percentile,17.6,140.5166667,436.4666667,593.55
2020-03-01,South East,Mean,7.8,20.58333333,86.36666667,99.68333333
2020-03-01,South East,90th percentile,14.63333333,41,202.5666667,223.9666667
2020-03-01,South West,Mean,7.166666667,27.88333333,87.68333333,118.5833333
2020-03-01,South West,90th percentile,13.03333333,57.1,221.9833333,278.95
2020-04-01,England (Average of all regions),Mean,7.05,18.48333333,39.75,66.98333333
2020-04-01,England (Average of all regions),90th percentile,12.33333333,38.43333333,89.46666667,145.2333333
2020-04-01,North East and Yorkshire,Mean,6.9,17.03333333,34.15,48.75
2020-04-01,North East and Yorkshire,90th percentile,11.78333333,33.26666667,78.46666667,113.5166667
2020-04-01,North West,Mean,7.416666667,24.75,75.58333333,103.0833333
2020-04-01,North West,90th percentile,12.3,53.58333333,180.0333333,218.45
2020-04-01,Midlands,Mean,6.85,13.68333333,27.15,31.88333333
2020-04-01,Midlands,90th percentile,12.06666667,25.46666667,57.91666667,64.5
2020-04-01,East of England,Mean,7.933333333,21.78333333,46.56666667,69.53333333
2020-04-01,East of England,90th percentile,14.1,46.46666667,104.5333333,159.0333333
2020-04-01,London,Mean,7.183333333,23.55,45.11666667,63.18333333
2020-04-01,London,90th percentile,12.31666667,56.28333333,94.65,132.1166667
2020-04-01,South East,Mean,6.366666667,13.83333333,42.21666667,53.51666667
2020-04-01,South East,90th percentile,11.86666667,25.9,97.46666667,125.8
2020-04-01,South West,Mean,6.516666667,17.23333333,31.11666667,52.93333333
2020-04-01,South West,90th percentile,11.55,33.48333333,69.45,117.65
2020-05-01,England (Average of all regions),Mean,6.516666667,13.48333333,28.85,51.13333333
2020-05-01,England (Average of all regions),90th percentile,11.35,25.25,63.16666667,105.7666667
2020-05-01,North East and Yorkshire,Mean,6.85,14.46666667,27.55,43.85
2020-05-01,North East and Yorkshire,90th percentile,11.61666667,27.55,61.65,100.05
2020-05-01,North West,Mean,6.833333333,15.18333333,38.25,69.01666667
2020-05-01,North West,90th percentile,11.35,28.6,85.76666667,130.45
2020-05-01,Midlands,Mean,6.65,12.33333333,20.13333333,27.1
2020-05-01,Midlands,90th percentile,11.56666667,22.6,40.26666667,54.4
2020-05-01,East of England,Mean,6.283333333,14.85,29.53333333,52.81666667
2020-05-01,East of England,90th percentile,11.41666667,28.8,68.55,126.7666667
2020-05-01,London,Mean,5.866666667,8.9,22.05,39.18333333
2020-05-01,London,90th percentile,9.883333333,15.08333333,47.6,91.18333333
2020-05-01,South East,Mean,6.366666667,13.33333333,38.46666667,51.18333333
2020-05-01,South East,90th percentile,11.68333333,24.9,85.48333333,116.0166667
2020-05-01,South West,Mean,6.766666667,17.38333333,32.26666667,51.8
2020-05-01,South West,90th percentile,12.16666667,34.13333333,71.91666667,113.1666667
2020-06-01,England (Average of all regions),Mean,6.583333333,14.88333333,36.31666667,59.16666667
2020-06-01,England (Average of all regions),90th percentile,11.51666667,28.4,81.56666667,121.9
2020-06-01,North East and Yorkshire,Mean,6.633333333,15.28333333,31.6,47.15
2020-06-01,North East and Yorkshire,90th percentile,11.51666667,29.36666667,73.1,105.6666667
2020-06-01,North West,Mean,6.883333333,17.81666667,51.18333333,79.55
2020-06-01,North West,90th percentile,11.45,34.91666667,115.25,149.1166667
2020-06-01,Midlands,Mean,6.666666667,13.53333333,24.15,31.16666667
2020-06-01,Midlands,90th percentile,11.43333333,25.3,51.38333333,63.38333333
2020-06-01,East of England,Mean,6.566666667,16.95,36.03333333,59.9
2020-06-01,East of England,90th percentile,12.01666667,34.08333333,85.8,133.1333333
2020-06-01,London,Mean,5.766666667,9.55,23.85,46.5
2020-06-01,London,90th percentile,9.65,16.4,51.03333333,99.9
2020-06-01,South East,Mean,6.833333333,15.26666667,55.51666667,65.6
2020-06-01,South East,90th percentile,12.71666667,28.53333333,126,150.1833333
2020-06-01,South West,Mean,6.683333333,18.36666667,37.25,63.73333333
2020-06-01,South West,90th percentile,12.15,36.18333333,84.63333333,150.3166667
2020-07-01,England (Average of all regions),Mean,6.766666667,16.68333333,43.4,69.33333333
2020-07-01,England (Average of all regions),90th percentile,11.95,32.56666667,99.11666667,146.85
2020-07-01,North East and Yorkshire,Mean,6.75,17.05,38.11666667,56.18333333
2020-07-01,North East and Yorkshire,90th percentile,11.53333333,33.8,88.81666667,130.4333333
2020-07-01,North West,Mean,7.1,20.9,62.16666667,98.75
2020-07-01,North West,90th percentile,11.91666667,42.03333333,142.2,192.1166667
2020-07-01,Midlands,Mean,6.85,14.5,28.8,37.41666667
2020-07-01,Midlands,90th percentile,12.08333333,27.86666667,63.38333333,81.7
2020-07-01,East of England,Mean,6.683333333,19.2,43.16666667,66.58333333
2020-07-01,East of England,90th percentile,12.45,39.18333333,101.2,140.1666667
2020-07-01,London,Mean,5.983333333,11.16666667,27.93333333,56.5
2020-07-01,London,90th percentile,10,19.76666667,61.2,120.2
2020-07-01,South East,Mean,7.083333333,16.75,64.26666667,73.31666667
2020-07-01,South East,90th percentile,13.11666667,31.68333333,148.0833333,170.6833333
2020-07-01,South West,Mean,6.783333333,19.98333333,48.91666667,77.86666667
2020-07-01,South West,90th percentile,12.7,40.21666667,113.95,177
2020-08-01,England (Average of all regions),Mean,7.066666667,20.05,56.7,84.9
2020-08-01,England (Average of all regions),90th percentile,12.6,40.56666667,131.6666667,178.9
2020-08-01,North East and Yorkshire,Mean,7.083333333,20.21666667,49.2,65.31666667
2020-08-01,North East and Yorkshire,90th percentile,12.2,41.51666667,117.85,158.55
2020-08-01,North West,Mean,7.45,27.61666667,89.36666667,121.5666667
2020-08-01,North West,90th percentile,12.58333333,59.5,207.1166667,227.95
2020-08-01,Midlands,Mean,7.066666667,17.1,38.48333333,44.86666667
2020-08-01,Midlands,90th percentile,12.51666667,33.63333333,87.18333333,104.6333333
2020-08-01,East of England,Mean,7.133333333,22.41666667,55.65,80.76666667
2020-08-01,East of England,90th percentile,13.33333333,46.76666667,134.05,169.5166667
2020-08-01,London,Mean,6.05,14.2,35.95,69.35
2020-08-01,London,90th percentile,10.4,27,81.26666667,143.7666667
2020-08-01,South East,Mean,7.283333333,18.4,76.46666667,94.41666667
2020-08-01,South East,90th percentile,13.61666667,35.11666667,174.2,216.8
2020-08-01,South West,Mean,7.383333333,24.28333333,70.96666667,101.6666667
2020-08-01,South West,90th percentile,13.95,49.55,172.7333333,238.2833333
2020-09-01,England (Average of all regions),Mean,7.166666667,22.55,66.83333333,98.1
2020-09-01,England (Average of all regions),90th percentile,12.75,46.05,157.1166667,208.0833333
2020-09-01,North East and Yorkshire,Mean,7.35,23.25,64.11666667,78.18333333
2020-09-01,North East and Yorkshire,90th percentile,12.63333333,47.78333333,157.35,178.25
2020-09-01,North West,Mean,7.45,32.26666667,99.28333333,131.6
2020-09-01,North West,90th percentile,12.45,70.56666667,231.5833333,252.9666667
2020-09-01,Midlands,Mean,7.4,20.33333333,54.11666667,60.55
2020-09-01,Midlands,90th percentile,13.2,40.51666667,126.3833333,144.8333333
2020-09-01,East of England,Mean,7.1,22.91666667,58.43333333,84.56666667
2020-09-01,East of England,90th percentile,13.2,47.06666667,142.7833333,174.45
2020-09-01,London,Mean,5.766666667,16.88333333,47.53333333,90.88333333
2020-09-01,London,90th percentile,9.816666667,33.7,113.8166667,194.1666667
2020-09-01,South East,Mean,7.15,18.2,73.1,95.05
2020-09-01,South East,90th percentile,13.4,34.78333333,162.6166667,214.4333333
2020-09-01,South West,Mean,7.733333333,27.5,94.76666667,124.75
2020-09-01,South West,90th percentile,14.36666667,56.23333333,234.45,292.2333333
2020-10-01,England (Average of all regions),Mean,7.383333333,25.35,70.6,106.9333333
2020-10-01,England (Average of all regions),90th percentile,13.03333333,52.1,167.6666667,231.75
2020-10-01,North East and Yorkshire,Mean,8.066666667,30.28333333,96.65,102.5333333
2020-10-01,North East and Yorkshire,90th percentile,13.9,63.13333333,236.8333333,238.6166667
2020-10-01,North West,Mean,8.05,45.66666667,138.6333333,179.0166667
2020-10-01,North West,90th percentile,13.36666667,100.4666667,336.5,357.1833333
2020-10-01,Midlands,Mean,7.483333333,21.45,55.81666667,63
2020-10-01,Midlands,90th percentile,13.18333333,43.2,132.2666667,152.3833333
2020-10-01,East of England,Mean,7.116666667,23.75,61.41666667,84.75
2020-10-01,East of England,90th percentile,13.21666667,48.71666667,152.4166667,199.3666667
2020-10-01,London,Mean,5.55,15.21666667,39.33333333,78.2
2020-10-01,London,90th percentile,9.3,29.2,91.51666667,171.4833333
2020-10-01,South East,Mean,7.05,17.26666667,67.05,79.93333333
2020-10-01,South East,90th percentile,12.96666667,32.4,151.05,183.4166667
2020-10-01,South West,Mean,7.933333333,27.13333333,80.85,110.3666667
2020-10-01,South West,90th percentile,14.76666667,55.03333333,194.8166667,256.75
2020-11-01,England (Average of all regions),Mean,7.15,21.26666667,58.48333333,92.66666667
2020-11-01,England (Average of all regions),90th percentile,12.55,42.83333333,138.5333333,196.65
2020-11-01,North East and Yorkshire,Mean,7.733333333,26.88333333,76.88333333,87.8
2020-11-01,North East and Yorkshire,90th percentile,13.31666667,55.83333333,189.55,213.8
2020-11-01,North West,Mean,7.85,28.95,83.5,149.2666667
2020-11-01,North West,90th percentile,12.95,61.33333333,196.05,288.6833333
2020-11-01,Midlands,Mean,7.1,20.3,54.2,58.26666667
2020-11-01,Midlands,90th percentile,12.41666667,40.63333333,128.3,139.2
2020-11-01,East of England,Mean,6.683333333,19.9,49.46666667,68.48333333
2020-11-01,East of England,90th percentile,12.43333333,40.51666667,123.4666667,153.55
2020-11-01,London,Mean,5.35,14.26666667,36.06666667,68.28333333
2020-11-01,London,90th percentile,8.966666667,27.13333333,81.56666667,143.8833333
2020-11-01,South East,Mean,6.933333333,16.4,59.98333333,71.38333333
2020-11-01,South East,90th percentile,12.63333333,30.63333333,138.5666667,161.7666667
2020-11-01,South West,Mean,8.033333333,23.85,60.81666667,91.1
2020-11-01,South West,90th percentile,14.75,47.48333333,145.3,205.75
2020-12-01,England (Average of all regions),Mean,7.416666667,27.85,81.56666667,126.1833333
2020-12-01,England (Average of all regions),90th percentile,13.11666667,59.63333333,194.8833333,274.5
2020-12-01,North East and Yorkshire,Mean,7.566666667,26.88333333,76.33333333,87.73333333
2020-12-01,North East and Yorkshire,90th percentile,13.11666667,56,190.3,205.45
2020-12-01,North West,Mean,7.6,26.48333333,77.76666667,176.6333333
2020-12-01,North West,90th percentile,12.73333333,55.81666667,182.7833333,354.95
2020-12-01,Midlands,Mean,7.166666667,20.35,57.56666667,62.15
2020-12-01,Midlands,90th percentile,12.63333333,40.46666667,134.75,148.45
2020-12-01,East of England,Mean,7.3,26.6,84.6,97.41666667
2020-12-01,East of England,90th percentile,13.51666667,56.25,212.6833333,236
2020-12-01,London,Mean,6.566666667,44.71666667,101.65,174.9666667
2020-12-01,London,90th percentile,11.1,108.0166667,251.9,397.2666667
2020-12-01,South East,Mean,7.6,23.76666667,107.4833333,109.7166667
2020-12-01,South East,90th percentile,13.8,46.35,244.6333333,248.6
2020-12-01,South West,Mean,8.266666667,27.03333333,76.83333333,102.45
2020-12-01,South West,90th percentile,15.25,55.31666667,189.6833333,236.9166667
2021-01-01,England (Average of all regions),Mean,7.516666667,29.65,87.55,131.8666667
2021-01-01,England (Average of all regions),90th percentile,13.26666667,64.16666667,212.0333333,293.6333333
2021-01-01,North East and Yorkshire,Mean,7.583333333,28.6,82.08333333,93.81666667
2021-01-01,North East and Yorkshire,90th percentile,13.03333333,59.66666667,200.9333333,228.8
2021-01-01,North West,Mean,8.2,35.58333333,104.65,217.65
2021-01-01,North West,90th percentile,13.78333333,77.96666667,249.8333333,452.1
2021-01-01,Midlands,Mean,7.25,21.58333333,64.43333333,66.23333333
2021-01-01,Midlands,90th percentile,12.71666667,43.1,152.3666667,155.75
2021-01-01,East of England,Mean,7.516666667,29.6,96.9,121.7833333
2021-01-01,East of England,90th percentile,14.1,63.51666667,253.5166667,293.1833333
2021-01-01,London,Mean,6.366666667,41.43333333,83.43333333,133.9833333
2021-01-01,London,90th percentile,10.68333333,100.8,211.4,307.2333333
2021-01-01,South East,Mean,7.616666667,24.93333333,114.8,106.7166667
2021-01-01,South East,90th percentile,13.85,50.73333333,268.25,252.0333333
2021-01-01,South West,Mean,8.216666667,29.05,82.68333333,112.6
2021-01-01,South West,90th percentile,15.06666667,59.83333333,204.5333333,275.7833333
2021-02-01,England (Average of all regions),Mean,6.766666667,18.31666667,44.9,68.8
2021-02-01,England (Average of all regions),90th percentile,11.95,36.06666667,103.3666667,148.2666667
2021-02-01,North East and Yorkshire,Mean,6.966666667,22.95,61.65,79.65
2021-02-01,North East and Yorkshire,90th percentile,11.93333333,47.33333333,151.0333333,195.1833333
2021-02-01,North West,Mean,7.2,21.06666667,49.86666667,108.6
2021-02-01,North West,90th percentile,12.16666667,42.65,110.75,210.1666667
2021-02-01,Midlands,Mean,6.833333333,17.41666667,37.11666667,37.91666667
2021-02-01,Midlands,90th percentile,12.05,33.81666667,84.63333333,84.51666667
2021-02-01,East of England,Mean,6.733333333,18.31666667,43.38333333,66.08333333
2021-02-01,East of England,90th percentile,12.41666667,36.78333333,103.25,150.7833333
2021-02-01,London,Mean,5.233333333,11.68333333,28.36666667,60.51666667
2021-02-01,London,90th percentile,8.766666667,20.86666667,61.98333333,139.35
2021-02-01,South East,Mean,6.683333333,15.05,46.73333333,53.73333333
2021-02-01,South East,90th percentile,12.26666667,28.08333333,104.5166667,119.6833333
2021-02-01,South West,Mean,7.466666667,24.23333333,59.35,83.45
2021-02-01,South West,90th percentile,13.75,48.48333333,140.4666667,209.0333333
2021-03-01,England (Average of all regions),Mean,6.783333333,18.43333333,49.41666667,80.98333333
2021-03-01,England (Average of all regions),90th percentile,11.96666667,36.35,113.75,175.35
2021-03-01,North East and Yorkshire,Mean,7,21.6,57.68333333,71.53333333
2021-03-01,North East and Yorkshire,90th percentile,12.03333333,44.35,139.7166667,178.4833333
2021-03-01,North West,Mean,7.216666667,20.73333333,56.61666667,125.65
2021-03-01,North West,90th percentile,12.13333333,41.05,128.1,242.0833333
2021-03-01,Midlands,Mean,6.866666667,17.78333333,39.03333333,44.4
2021-03-01,Midlands,90th percentile,12,34.96666667,87.9,101.95
2021-03-01,East of England,Mean,6.633333333,18.3,45.48333333,73.1
2021-03-01,East of England,90th percentile,12.23333333,36.73333333,110.6833333,178.6333333
2021-03-01,London,Mean,5.35,13.25,34.21666667,92.55
2021-03-01,London,90th percentile,8.95,24.63333333,77.68333333,207.3166667
2021-03-01,South East,Mean,6.85,16.63333333,62.05,67.48333333
2021-03-01,South East,90th percentile,12.65,31.33333333,139.3333333,153.9333333
2021-03-01,South West,Mean,7.333333333,22.61666667,56.08333333,91
2021-03-01,South West,90th percentile,13.53333333,45.38333333,131.8,212.9666667
2021-04-01,England (Average of all regions),Mean,7,20.28333333,59.41666667,106.1666667
2021-04-01,England (Average of all regions),90th percentile,12.43333333,40.51666667,138.5333333,230.4833333
2021-04-01,North East and Yorkshire,Mean,7.216666667,22.08333333,58.58333333,77.91666667
2021-04-01,North East and Yorkshire,90th percentile,12.33333333,45.41666667,142.0333333,194.5166667
2021-04-01,North West,Mean,7.483333333,23.86666667,81.71666667,188.2666667
2021-04-01,North West,90th percentile,12.73333333,48.41666667,193.7666667,371.7
2021-04-01,Midlands,Mean,6.966666667,18.9,46.51666667,54.1
2021-04-01,Midlands,90th percentile,12.31666667,37.46666667,107.8333333,127.8333333
2021-04-01,East of England,Mean,6.816666667,20.01666667,54.73333333,91.45
2021-04-01,East of England,90th percentile,12.68333333,40.41666667,133.9833333,183.7166667
2021-04-01,London,Mean,5.65,16.53333333,46.91666667,113.5166667
2021-04-01,London,90th percentile,9.333333333,32.71666667,108.95,266.1
2021-04-01,South East,Mean,7.05,17.86666667,70.23333333,85.55
2021-04-01,South East,90th percentile,13.08333333,33.6,155.9333333,192.85
2021-04-01,South West,Mean,7.583333333,25.15,68.63333333,92.08333333
2021-04-01,South West,90th percentile,14.4,50.8,163.4333333,215.75
2021-05-01,England (Average of all regions),Mean,7.416666667,24.58333333,84.33333333,130.9166667
2021-05-01,England (Average of all regions),90th percentile,13.2,49.96666667,199.8166667,294.1333333
2021-05-01,North East and Yorkshire,Mean,7.5,26.51666667,79.68333333,99.86666667
2021-05-01,North East and Yorkshire,90th percentile,12.83333333,55.33333333,191.9833333,255.4333333
2021-05-01,North West,Mean,7.85,27.21666667,112.1833333,247.1666667
2021-05-01,North West,90th percentile,13.31666667,55.5,266.6666667,543.3333333
2021-05-01,Midlands,Mean,7.3,23.38333333,74.3,81.61666667
2021-05-01,Midlands,90th percentile,12.88333333,46.9,173.9333333,187.5333333
2021-05-01,East of England,Mean,7.516666667,25.51666667,83.85,107.1166667
2021-05-01,East of England,90th percentile,14.2,52.9,218.3666667,271.55
2021-05-01,London,Mean,6.1,20,61.4,142.15
2021-05-01,London,90th percentile,10.28333333,41.11666667,146.7,312.65
2021-05-01,South East,Mean,7.483333333,20.3,89.38333333,109.6666667
2021-05-01,South East,90th percentile,13.95,39.11666667,197.4833333,236.35
2021-05-01,South West,Mean,8.05,32.33333333,106.7333333,131.4666667
2021-05-01,South West,90th percentile,15.16666667,66.1,267.55,284.35
2021-06-01,England (Average of all regions),Mean,7.916666667,30.68333333,114.6666667,184.9833333
2021-06-01,England (Average of all regions),90th percentile,14.01666667,63.46666667,275.4,407.7166667
2021-06-01,North East and Yorkshire,Mean,8.1,31.21666667,99.43333333,123.6166667
2021-06-01,North East and Yorkshire,90th percentile,13.86666667,65.71666667,241.0666667,297.1833333
2021-06-01,North West,Mean,8.316666667,38.25,198.4666667,462.1333333
2021-06-01,North West,90th percentile,14.05,77.96666667,473.9166667,929.6333333
2021-06-01,Midlands,Mean,7.716666667,29.15,104.4666667,120.2833333
2021-06-01,Midlands,90th percentile,13.58333333,59.71666667,249.0333333,296.1333333
2021-06-01,East of England,Mean,8.116666667,32.05,105.7666667,147.3666667
2021-06-01,East of England,90th percentile,15.25,66.8,277.9666667,377.7833333
2021-06-01,London,Mean,6.55,27.35,85,203.2333333
2021-06-01,London,90th percentile,10.95,58.3,205.6333333,440.15
2021-06-01,South East,Mean,7.916666667,23.68333333,116.5833333,135.6166667
2021-06-01,South East,90th percentile,14.58333333,46.55,257.8333333,289.95
2021-06-01,South West,Mean,8.633333333,37.21666667,124.5833333,174.0666667
2021-06-01,South West,90th percentile,16.38333333,78.35,328.6166667,428.4833333
2021-07-01,England (Average of all regions),Mean,8.566666667,41.06666667,153.9,220.4
2021-07-01,England (Average of all regions),90th percentile,15.28333333,87.73333333,381.2333333,481.15
2021-07-01,North East and Yorkshire,Mean,8.716666667,39.4,136.25,139.75
2021-07-01,North East and Yorkshire,90th percentile,15.01666667,83.6,327.3,343.7666667
2021-07-01,North West,Mean,9.033333333,56.26666667,247.8,553.3666667
2021-07-01,North West,90th percentile,15.43333333,123.0333333,620.1666667,1026.366667
2021-07-01,Midlands,Mean,8.383333333,40.03333333,173.1166667,187.35
2021-07-01,Midlands,90th percentile,14.93333333,84.9,425.7166667,446.6166667
2021-07-01,East of England,Mean,8.733333333,38.13333333,121.3166667,183.4
2021-07-01,East of England,90th percentile,16.31666667,80.73333333,313.3666667,483.1666667
2021-07-01,London,Mean,6.983333333,39.81666667,104.9666667,219.8333333
2021-07-01,London,90th percentile,11.81666667,86.45,267.2166667,467.4166667
2021-07-01,South East,Mean,8.383333333,28.11666667,145.4833333,147.0666667
2021-07-01,South East,90th percentile,15.66666667,56.53333333,330.8666667,340.3666667
2021-07-01,South West,Mean,9.65,50.61666667,158.45,155.5
2021-07-01,South West,90th percentile,18.21666667,110.8,447.4833333,406.3333333
2021-08-01,England (Average of all regions),Mean,8.466666667,38.65,134.4333333,190
2021-08-01,England (Average of all regions),90th percentile,15.11666667,82.33333333,328.6166667,418.0333333
2021-08-01,North East and Yorkshire,Mean,8.45,37.21666667,123.6666667,131.6833333
2021-08-01,North East and Yorkshire,90th percentile,14.58333333,79.83333333,297.7333333,327.3
2021-08-01,North West,Mean,8.7,49.08333333,194.3166667,431.6333333
2021-08-01,North West,90th percentile,14.86666667,105.7833333,486.15,903.5666667
2021-08-01,Midlands,Mean,8.05,32.08333333,126.9666667,131.7666667
2021-08-01,Midlands,90th percentile,14.4,67.11666667,298.65,295.75
2021-08-01,East of England,Mean,9.183333333,41.05,123.6166667,172.2166667
2021-08-01,East of England,90th percentile,17.21666667,88.08333333,314.1833333,414.1833333
2021-08-01,London,Mean,6.966666667,39.23333333,103.0833333,214.4666667
2021-08-01,London,90th percentile,11.78333333,84.58333333,253.1166667,455.8166667
2021-08-01,South East,Mean,8.45,27.25,132.1166667,142.5833333
2021-08-01,South East,90th percentile,15.61666667,54.43333333,300.6833333,314.1833333
2021-08-01,South West,Mean,9.933333333,53.86666667,161.25,185.45
2021-08-01,South West,90th percentile,18.53333333,118.1,450.1833333,454.0666667
2021-09-01,England (Average of all regions),Mean,9.033333333,45.5,155.7166667,233.7666667
2021-09-01,England (Average of all regions),90th percentile,15.96666667,98.01666667,383.25,506.2166667
2021-09-01,North East and Yorkshire,Mean,9.016666667,39.85,127.2,119.7
2021-09-01,North East and Yorkshire,90th percentile,15.61666667,84.01666667,321.0666667,276.2
2021-09-01,North West,Mean,9.2,57.2,226.7166667,540.2833333
2021-09-01,North West,90th percentile,15.58333333,126.4333333,565.6,1092.75
2021-09-01,Midlands,Mean,8.533333333,40.48333333,162.9333333,177.3666667
2021-09-01,Midlands,90th percentile,15.16666667,87.41666667,397.4333333,402.4166667
2021-09-01,East of England,Mean,9.916666667,48.56666667,150.6166667,197.6166667
2021-09-01,East of England,90th percentile,17.95,104.85,371.2,542.0666667
2021-09-01,London,Mean,7.433333333,47.9,113.0666667,242.7333333
2021-09-01,London,90th percentile,12.66666667,104.1166667,281.8,503.9833333
2021-09-01,South East,Mean,8.766666667,29.78333333,152.8,169
2021-09-01,South East,90th percentile,16.05,59.78333333,350.7833333,376.1333333
2021-09-01,South West,Mean,11.06666667,66.2,175.3666667,214.9166667
2021-09-01,South West,90th percentile,20.35,145.9166667,476.65,539.6
2021-10-01,England (Average of all regions),Mean,9.366666667,53.91666667,189.9,268.8333333
2021-10-01,England (Average of all regions),90th percentile,16.43333333,116.25,467.1833333,569.7833333
2021-10-01,North East and Yorkshire,Mean,10.1,45.35,152.7666667,127.2833333
2021-10-01,North East and Yorkshire,90th percentile,17.33333333,93.83333333,363.3333333,321.2833333
2021-10-01,North West,Mean,9.233333333,67.7,246.55,557.5166667
2021-10-01,North West,90th percentile,15.55,148.7333333,627.9,1063.966667
2021-10-01,Midlands,Mean,8.783333333,52.06666667,240.0833333,271.1333333
2021-10-01,Midlands,90th percentile,15.61666667,115.4833333,592.1,591.8333333
2021-10-01,East of England,Mean,10.61666667,56.01666667,184.4833333,218.6
2021-10-01,East of England,90th percentile,19.31666667,120.0333333,454.9,544.55
2021-10-01,London,Mean,7.033333333,49.95,122.7666667,240.0166667
2021-10-01,London,90th percentile,12,107.1666667,309.9,487.5166667
2021-10-01,South East,Mean,9.166666667,35.18333333,168.55,196.4833333
2021-10-01,South East,90th percentile,16.41666667,71.73333333,390.05,434.9
2021-10-01,South West,Mean,11.8,84.41666667,238.9833333,277.9333333
2021-10-01,South West,90th percentile,21.2,184.9666667,633.75,809.9166667
2021-11-01,England (Average of all regions),Mean,9.183333333,46.63333333,157.2,220.0166667
2021-11-01,England (Average of all regions),90th percentile,16.1,100.9833333,383.1,519.9
2021-11-01,North East and Yorkshire,Mean,9.4,41.55,132.5166667,114.9833333
2021-11-01,North East and Yorkshire,90th percentile,16.21666667,88.3,324.05,272.55
2021-11-01,North West,Mean,8.833333333,48.93333333,181.4833333,351.9166667
2021-11-01,North West,90th percentile,14.91666667,105.5166667,432.95,838.9
2021-11-01,Midlands,Mean,8.716666667,46.31666667,197.8333333,246.8166667
2021-11-01,Midlands,90th percentile,15.33333333,102.3333333,500.5,626.35
2021-11-01,East of England,Mean,11.43333333,51.8,172.85,226.4
2021-11-01,East of England,90th percentile,20.45,109.6333333,402.5166667,625.4833333
2021-11-01,London,Mean,7.1,43.68333333,110,219.05
2021-11-01,London,90th percentile,11.9,96.81666667,277.9166667,468.35
2021-11-01,South East,Mean,8.85,30.58333333,135.3166667,161.4
2021-11-01,South East,90th percentile,16,61.91666667,306.85,368.0833333
2021-11-01,South West,Mean,11.03333333,73.66666667,206.8166667,230.3833333
2021-11-01,South West,90th percentile,20.2,163.4666667,543.9166667,614.3
2021-12-01,England (Average of all regions),Mean,9.233333333,53.36666667,171.05,207.9833333
2021-12-01,England (Average of all regions),90th percentile,16.23333333,119.2333333,431.6,485.25
2021-12-01,North East and Yorkshire,Mean,9.216666667,47.26666667,155.85,127.3666667
2021-12-01,North East and Yorkshire,90th percentile,16.06666667,103.1,391.0666667,322
2021-12-01,North West,Mean,9.083333333,66.71666667,255.65,487.7333333
2021-12-01,North West,90th percentile,15.28333333,153.9666667,657.1833333,1150.983333
2021-12-01,Midlands,Mean,8.616666667,51.5,191.2,218.6333333
2021-12-01,Midlands,90th percentile,15.26666667,118.0333333,503.1333333,551.8333333
2021-12-01,East of England,Mean,11.55,61,197.7333333,215.2166667
2021-12-01,East of England,90th percentile,20.66666667,132.4833333,481.9833333,469.4166667
2021-12-01,London,Mean,7.15,52.5,126.9333333,230.2666667
2021-12-01,London,90th percentile,11.98333333,115.8833333,325.4333333,478.6333333
2021-12-01,South East,Mean,8.733333333,33.48333333,145.8166667,165.7
2021-12-01,South East,90th percentile,16.26666667,69.15,335.7333333,405.7166667
2021-12-01,South West,Mean,11.63333333,73.26666667,181.1,181.15
2021-12-01,South West,90th percentile,20.85,169.3166667,502.1333333,462.9166667
2022-01-01,England (Average of all regions),Mean,8.516666667,38.06666667,116.8666667,154.8166667
2022-01-01,England (Average of all regions),90th percentile,15.1,83.6,287.3166667,352.15
2022-01-01,North East and Yorkshire,Mean,8.333333333,32.28333333,82.68333333,81.78333333
2022-01-01,North East and Yorkshire,90th percentile,14.71666667,70.86666667,206.65,176.2666667
2022-01-01,North West,Mean,8.516666667,43.61666667,137.3666667,245.4833333
2022-01-01,North West,90th percentile,14.53333333,101.5833333,339.7166667,667.8666667
2022-01-01,Midlands,Mean,8.316666667,36.51666667,142.4166667,167.9166667
2022-01-01,Midlands,90th percentile,14.8,79.31666667,353.8333333,400.5333333
2022-01-01,East of England,Mean,9.933333333,46.15,138.0666667,178.3666667
2022-01-01,East of England,90th percentile,18.15,100.2833333,336.9833333,365.3166667
2022-01-01,London,Mean,6.616666667,34.93333333,95.75,194.4166667
2022-01-01,London,90th percentile,11.05,77.75,238.0166667,407.9166667
2022-01-01,South East,Mean,8.266666667,25.95,103.1,125.9833333
2022-01-01,South East,90th percentile,15.21666667,51.96666667,231.35,289.8833333
2022-01-01,South West,Mean,10.23333333,57.41666667,137.1333333,137.5
2022-01-01,South West,90th percentile,18.88333333,128.3166667,373.5833333,317.6833333
2022-02-01,England (Average of all regions),Mean,8.85,42.11666667,136.2166667,181.4333333
2022-02-01,England (Average of all regions),90th percentile,15.71666667,91.91666667,330.3,412.3333333
2022-02-01,North East and Yorkshire,Mean,8.133333333,28.93333333,78,85.56666667
2022-02-01,North East and Yorkshire,90th percentile,14.25,60.81666667,189.15,203.5666667
2022-02-01,North West,Mean,8.383333333,35.56666667,110.2666667,212.25
2022-02-01,North West,90th percentile,14.48333333,78.83333333,266.8,585.3166667
2022-02-01,Midlands,Mean,8.533333333,40,151.7,192.2666667
2022-02-01,Midlands,90th percentile,15.21666667,84.86666667,366.9333333,458.3833333
2022-02-01,East of England,Mean,10.71666667,53.73333333,183.0833333,180.2666667
2022-02-01,East of England,90th percentile,19.7,117.0833333,449.9,452.75
2022-02-01,London,Mean,6.733333333,37.51666667,108.3333333,224.4333333
2022-02-01,London,90th percentile,11.46666667,82.1,263.9,450.85
2022-02-01,South East,Mean,8.783333333,31.48333333,139.8833333,176.45
2022-02-01,South East,90th percentile,15.91666667,64.58333333,310.8333333,387.4
2022-02-01,South West,Mean,11.65,85.41666667,231.8166667,225.7833333
2022-02-01,South West,90th percentile,21.06666667,200.1,632.95,550.8833333
2022-03-01,England (Average of all regions),Mean,9.583333333,61.08333333,208.2,247.6666667
2022-03-01,England (Average of all regions),90th percentile,16.83333333,137.1666667,516.5666667,596.0333333
2022-03-01,North East and Yorkshire,Mean,8.966666667,42.21666667,134.4,111.15
2022-03-01,North East and Yorkshire,90th percentile,15.6,90.83333333,333.6666667,267.6833333
2022-03-01,North West,Mean,9.066666667,57.96666667,187.5,380.7333333
2022-03-01,North West,90th percentile,15.38333333,134.6,446.6,966.45
2022-03-01,Midlands,Mean,9.033333333,60.5,241.0833333,293.7
2022-03-01,Midlands,90th percentile,16.08333333,137.9,635.25,698.4333333
2022-03-01,East of England,Mean,11.43333333,82.48333333,268.0166667,184.5333333
2022-03-01,East of England,90th percentile,20.81666667,181.4666667,685.8166667,975.1166667
2022-03-01,London,Mean,7.216666667,50.95,128.6,240.9666667
2022-03-01,London,90th percentile,12.1,112.3833333,312.9166667,467.8166667
2022-03-01,South East,Mean,9.983333333,45.5,214.5166667,274.2666667
2022-03-01,South East,90th percentile,17.73333333,94,494.55,608
2022-03-01,South West,Mean,13.11666667,113.7166667,367.35,417.0166667
2022-03-01,South West,90th percentile,23.41666667,271.8333333,957.15,1133.95
2022-04-01,England (Average of all regions),Mean,9.033333333,51.36666667,158.6833333,188.0166667
2022-04-01,England (Average of all regions),90th percentile,16.11666667,116.55,401.6333333,461.2833333
2022-04-01,North East and Yorkshire,Mean,8.933333333,43.03333333,122.9333333,114.3
2022-04-01,North East and Yorkshire,90th percentile,15.7,96.73333333,315.3833333,249.3
2022-04-01,North West,Mean,8.516666667,47.08333333,202.8166667,275.1333333
2022-04-01,North West,90th percentile,14.43333333,107.7666667,499.1333333,742.3166667
2022-04-01,Midlands,Mean,8.95,61.81666667,209.05,245.3333333
2022-04-01,Midlands,90th percentile,16.21666667,141.4333333,571.4833333,645.0833333
2022-04-01,East of England,Mean,10.28333333,63.83333333,198.45,145.35
2022-04-01,East of England,90th percentile,19.01666667,140.5166667,472.9166667,541.2666667
2022-04-01,London,Mean,6.666666667,37.81666667,91.88333333,188.85
2022-04-01,London,90th percentile,11.43333333,87.71666667,232.8166667,404.6166667
2022-04-01,South East,Mean,8.9,33.45,135.6166667,161.7833333
2022-04-01,South East,90th percentile,16.36666667,69.68333333,305.1333333,362.9
2022-04-01,South West,Mean,11.75,80.95,205.1833333,201.0833333
2022-04-01,South West,90th percentile,21.48333333,192.95,573.7166667,506.5166667
2022-05-01,England (Average of all regions),Mean,8.6,39.96666667,129.5333333,167.95
2022-05-01,England (Average of all regions),90th percentile,15.25,85.86666667,322.1,419.5333333
2022-05-01,North East and Yorkshire,Mean,8.216666667,34.85,104.9666667,113.5333333
2022-05-01,North East and Yorkshire,90th percentile,14.3,73.88333333,256.1833333,298.9666667
2022-05-01,North West,Mean,8,33.98333333,153.4833333,203.2166667
2022-05-01,North West,90th percentile,13.66666667,73.51666667,376.3166667,535.0833333
2022-05-01,Midlands,Mean,8.616666667,42.61666667,156.65,202.5
2022-05-01,Midlands,90th percentile,15.45,93.06666667,403.7333333,497.8333333
2022-05-01,East of England,Mean,9.916666667,49.83333333,155,144.5
2022-05-01,East of England,90th percentile,18.33333333,107.0166667,384.4,649.2666667
2022-05-01,London,Mean,7,41.75,106.2666667,205.5166667
2022-05-01,London,90th percentile,11.71666667,92.4,269.35,426.2166667
2022-05-01,South East,Mean,8.533333333,27.95,112.95,139.7666667
2022-05-01,South East,90th percentile,15.5,56.18333333,256.85,331.0333333
2022-05-01,South West,Mean,10.73333333,56.25,136.1833333,118.3166667
2022-05-01,South West,90th percentile,19.71666667,120.8,372.9833333,302.8333333
2022-06-01,England (Average of all regions),Mean,9.1,51.63333333,173.9,212.1166667
2022-06-01,England (Average of all regions),90th percentile,16.05,114.2833333,441.2333333,533.1833333
2022-06-01,North East and Yorkshire,Mean,8.916666667,43.55,136.8833333,114.8
2022-06-01,North East and Yorkshire,90th percentile,15.41666667,94.81666667,335.2666667,271.05
2022-06-01,North West,Mean,8.2,39.76666667,179.7833333,259.3666667
2022-06-01,North West,90th percentile,13.98333333,87.5,440.6666667,758.8166667
2022-06-01,Midlands,Mean,8.916666667,60.58333333,227.9166667,260.0833333
2022-06-01,Midlands,90th percentile,15.86666667,139.7833333,623.6166667,694.1833333
2022-06-01,East of England,Mean,10.25,56.8,170.8666667,161.9
2022-06-01,East of England,90th percentile,18.78333333,122.5,417.8833333,632.5833333
2022-06-01,London,Mean,7.55,55.73333333,128.8666667,251.5166667
2022-06-01,London,90th percentile,12.68333333,123.4833333,321.1666667,513.7666667
2022-06-01,South East,Mean,9.4,38.85,171.5833333,207.7333333
2022-06-01,South East,90th percentile,16.9,80.4,399.55,497.3
2022-06-01,South West,Mean,11.46666667,69.83333333,183.6833333,140.7166667
2022-06-01,South West,90th percentile,21.01666667,156.9333333,516.1333333,315.05
2022-07-01,England (Average of all regions),Mean,9.583333333,59.11666667,197.1,242.95
2022-07-01,England (Average of all regions),90th percentile,16.91666667,131.7833333,501.7833333,596.4
2022-07-01,North East and Yorkshire,Mean,9.7,46.1,147.3333333,144.7
2022-07-01,North East and Yorkshire,90th percentile,16.91666667,99.98333333,362.85,355.8
2022-07-01,North West,Mean,8.65,50.48333333,239.8166667,320.0333333
2022-07-01,North West,90th percentile,14.63333333,112.6,584.3333333,797.75
2022-07-01,Midlands,Mean,9.066666667,68.75,241.0166667,263.5166667
2022-07-01,Midlands,90th percentile,16.1,159.9666667,649.6166667,695.45
2022-07-01,East of England,Mean,11.1,78.28333333,242.4166667,196.6166667
2022-07-01,East of England,90th percentile,20.66666667,174.8833333,608.4,765.2833333
2022-07-01,London,Mean,8.05,61.16666667,128.3333333,270.0666667
2022-07-01,London,90th percentile,13.83333333,135.3,329.3833333,558.3
2022-07-01,South East,Mean,9.966666667,42.76666667,192.9,239.8666667
2022-07-01,South East,90th percentile,17.6,88.15,469.0333333,560.35
2022-07-01,South West,Mean,11.8,75.63333333,202.7833333,207.9833333
2022-07-01,South West,90th percentile,21.3,171.2666667,551.0333333,540.2333333
2022-08-01,England (Average of all regions),Mean,9.133333333,42.73333333,136.3833333,176.65
2022-08-01,England (Average of all regions),90th percentile,16.33333333,93.33333333,341.2166667,447.9333333
2022-08-01,North East and Yorkshire,Mean,9.116666667,34.4,96.85,112.3833333
2022-08-01,North East and Yorkshire,90th percentile,16.06666667,74.08333333,238.5,264.3833333
2022-08-01,North West,Mean,7.916666667,36.1,174.55,202.8
2022-08-01,North West,90th percentile,13.85,79.71666667,432.25,498.4166667
2022-08-01,Midlands,Mean,8.733333333,43.28333333,153.5333333,180.15
2022-08-01,Midlands,90th percentile,15.6,96.98333333,395.2166667,477.65
2022-08-01,East of England,Mean,10.28333333,61.36666667,169.2166667,146.3833333
2022-08-01,East of England,90th percentile,19.4,137.7666667,417.3333333,714.3666667
2022-08-01,London,Mean,7.633333333,42.23333333,106.3166667,225.9666667
2022-08-01,London,90th percentile,13.21666667,96.31666667,270.2,482.2333333
2022-08-01,South East,Mean,9.35,33.78333333,136.8833333,172.8666667
2022-08-01,South East,90th percentile,16.76666667,68.16666667,327.4833333,420.85
2022-08-01,South West,Mean,11.45,59.75,129.4833333,145.5833333
2022-08-01,South West,90th percentile,20.73333333,125.15,344.7333333,414.45
2022-09-01,England (Average of all regions),Mean,9.316666667,47.98333333,162.4666667,192.5666667
2022-09-01,England (Average of all regions),90th percentile,16.63333333,105.75,411.5166667,468.2
2022-09-01,North East and Yorkshire,Mean,9.25,40.88333333,119.4333333,126.4666667
2022-09-01,North East and Yorkshire,90th percentile,16.26666667,89.7,292.6333333,294.4166667
2022-09-01,North West,Mean,8.716666667,38.23333333,181.2166667,214.8833333
2022-09-01,North West,90th percentile,14.85,84.35,428.1,452.65
2022-09-01,Midlands,Mean,8.683333333,48.6,186.2833333,190.7333333
2022-09-01,Midlands,90th percentile,15.46666667,110.75,501.4833333,491.5666667
2022-09-01,East of England,Mean,10.81666667,74.2,219.1166667,187.5666667
2022-09-01,East of England,90th percentile,20.11666667,167.6166667,550.8166667,790.1
2022-09-01,London,Mean,7.233333333,40.58333333,98.55,207.9166667
2022-09-01,London,90th percentile,12.26666667,92.7,249.2,435.2
2022-09-01,South East,Mean,9.583333333,38.06666667,167.9666667,201.5
2022-09-01,South East,90th percentile,17.31666667,78.38333333,402.9666667,491.4333333
2022-09-01,South West,Mean,11.16666667,68.88333333,170.3166667,202.9333333
2022-09-01,South West,90th percentile,20.51666667,145.7833333,480.6666667,584.9666667
